system:index,Date_str,WaterPlane,bmaxGeeGrd,bmaxSnapRtc,edgeGeeGrd,edgeSnapRtc,latitude_209564535,lc,longitude_209564535,.geo
0_00000000000000000000_0,2018-01-04,0,0,0,0,0,,7,,"{""geodesic"":false,""type"":""Point"",""coordinates"":[102.88319609068888,12.112479049189774]}"
0_00000000000000000001_0,2018-01-04,0,0,0,0,0,,6,,"{""geodesic"":false,""type"":""Point"",""coordinates"":[102.9562291232878,12.605204982529331]}"
0_00000000000000000002_0,2018-01-04,0,0,0,0,0,,7,,"{""geodesic"":false,""type"":""Point"",""coordinates"":[102.91526594633194,12.380536329971038]}"
0_00000000000000000003_0,2018-01-04,0,0,0,0,0,,7,,"{""geodesic"":false,""type"":""Point"",""coordinates"":[102.9630563194471,12.417007930506292]}"
0_00000000000000000004_0,2018-01-04,0,0,0,0,0,,5,,"{""geodesic"":false,""type"":""Point"",""coordinates"":[102.94230523638394,12.612122010217051]}"
0_00000000000000000005_0,2018-01-04,0,0,0,0,0,,7,,"{""geodesic"":false,""type"":""Point"",""coordinates"":[102.97787852163508,12.52363795473128]}"
0_00000000000000000006_0,2018-01-04,0,0,0,0,0,,6,,"{""geodesic"":false,""type"":""Point"",""coordinates"":[102.91481678868989,12.545287353078558]}"
0_00000000000000000007_0,2018-01-04,0,0,0,0,0,,16,,"{""geodesic"":false,""type"":""Point"",""coordinates"":[102.88993345531978,12.645090181144239]}"
0_00000000000000000008_0,2018-01-04,0,0,0,0,0,,6,,"{""geodesic"":false,""type"":""Point"",""coordinates"":[102.76596594611128,12.181200168424917]}"
0_00000000000000000009_0,2018-01-04,0,0,0,0,0,,7,,"{""geodesic"":false,""type"":""Point"",""coordinates"":[102.77351179449789,12.304808351519764]}"
0_0000000000000000000a_0,2018-01-04,0,0,0,0,0,,7,,"{""geodesic"":false,""type"":""Point"",""coordinates"":[102.75150307003696,12.080768519660355]}"
0_0000000000000000000b_0,2018-01-04,0,0,0,0,0,,7,,"{""geodesic"":false,""type"":""Point"",""coordinates"":[102.89918610274621,11.952938254730148]}"
0_0000000000000000000c_0,2018-01-04,0,0,0,0,0,,6,,"{""geodesic"":false,""type"":""Point"",""coordinates"":[102.75949807606563,12.1224503488435]}"
0_0000000000000000000d_0,2018-01-04,0,0,0,0,0,,7,,"{""geodesic"":false,""type"":""Point"",""coordinates"":[102.96170884652093,12.452671047285836]}"
0_0000000000000000000e_0,2018-01-04,0,0,0,0,0,,7,,"{""geodesic"":false,""type"":""Point"",""coordinates"":[102.87232647575104,12.168084765276772]}"
0_0000000000000000000f_0,2018-01-04,0,0,0,0,0,,7,,"{""geodesic"":false,""type"":""Point"",""coordinates"":[102.86019921941542,11.968479109145415]}"
0_00000000000000000010_0,2018-01-04,0,0,0,0,0,,7,,"{""geodesic"":false,""type"":""Point"",""coordinates"":[102.91149302213864,12.518966715253857]}"
0_00000000000000000011_0,2018-01-04,0,0,0,0,0,,7,,"{""geodesic"":false,""type"":""Point"",""coordinates"":[102.94994091629896,12.059208952841486]}"
0_00000000000000000012_0,2018-01-04,0,0,0,0,0,,10,,"{""geodesic"":false,""type"":""Point"",""coordinates"":[102.8464549955684,12.628201853802791]}"
0_00000000000000000013_0,2018-01-04,0,0,0,0,0,,7,,"{""geodesic"":false,""type"":""Point"",""coordinates"":[102.94113742651459,12.16107790606064]}"
0_00000000000000000014_0,2018-01-04,0,0,0,0,0,,7,,"{""geodesic"":false,""type"":""Point"",""coordinates"":[102.9202066803946,12.453569362569956]}"
0_00000000000000000015_0,2018-01-04,0,0,0,0,0,,5,,"{""geodesic"":false,""type"":""Point"",""coordinates"":[103.0449826733588,12.54349072251032]}"
0_00000000000000000016_0,2018-01-04,0,0,0,0,0,,10,,"{""geodesic"":false,""type"":""Point"",""coordinates"":[102.83531588604531,12.474589940218353]}"
0_00000000000000000017_0,2018-01-04,0,0,0,0,0,,7,,"{""geodesic"":false,""type"":""Point"",""coordinates"":[102.8322616140793,12.241387292460924]}"
0_00000000000000000018_0,2018-01-04,0,0,0,0,0,,6,,"{""geodesic"":false,""type"":""Point"",""coordinates"":[102.92667455044027,12.59963542776779]}"
0_00000000000000000019_0,2018-01-04,0,0,0,0,0,,7,,"{""geodesic"":false,""type"":""Point"",""coordinates"":[103.02342310653994,12.480159494979894]}"
0_0000000000000000001a_0,2018-01-04,0,0,0,0,0,,10,,"{""geodesic"":false,""type"":""Point"",""coordinates"":[102.82444627110746,12.571248664789614]}"
0_0000000000000000001b_0,2018-01-04,0,0,0,0,0,,7,,"{""geodesic"":false,""type"":""Point"",""coordinates"":[102.78779500751538,12.339393489958365]}"
0_0000000000000000001c_0,2018-01-04,0,0,0,0,0,,5,,"{""geodesic"":false,""type"":""Point"",""coordinates"":[102.95389350354908,12.344064729435786]}"
0_0000000000000000001d_0,2018-01-04,0,0,0,0,0,,7,,"{""geodesic"":false,""type"":""Point"",""coordinates"":[102.90233020624063,12.117150288667196]}"
0_0000000000000000001e_0,2018-01-04,0,0,0,0,0,,7,,"{""geodesic"":false,""type"":""Point"",""coordinates"":[102.78842382821428,12.349544452668916]}"
0_0000000000000000001f_0,2018-01-04,0,0,0,0,0,,7,,"{""geodesic"":false,""type"":""Point"",""coordinates"":[102.88346558527412,12.217492105903347]}"
0_00000000000000000020_0,2018-01-04,0,0,0,0,0,,7,,"{""geodesic"":false,""type"":""Point"",""coordinates"":[103.02557906322183,12.488873153235854]}"
0_00000000000000000022_0,2018-01-04,0,0,0,0,0,,7,,"{""geodesic"":false,""type"":""Point"",""coordinates"":[103.02926215588671,12.4689305539284]}"
0_00000000000000000023_0,2018-01-04,0,0,0,0,0,,7,,"{""geodesic"":false,""type"":""Point"",""coordinates"":[102.87035018212597,12.355832659657752]}"
0_00000000000000000024_0,2018-01-04,0,0,0,0,0,,7,,"{""geodesic"":false,""type"":""Point"",""coordinates"":[102.83837015801132,12.343525740265315]}"
0_00000000000000000025_0,2018-01-04,0,0,0,0,0,,7,,"{""geodesic"":false,""type"":""Point"",""coordinates"":[102.93475938799735,12.191171468078643]}"
0_00000000000000000026_0,2018-01-04,0,0,0,0,0,,5,,"{""geodesic"":false,""type"":""Point"",""coordinates"":[102.99746179482888,12.375775258965206]}"
0_00000000000000000027_0,2018-01-04,0,0,0,0,0,,7,,"{""geodesic"":false,""type"":""Point"",""coordinates"":[102.86163652387002,12.062532719392728]}"
0_00000000000000000028_0,2018-01-04,0,0,0,0,0,,7,,"{""geodesic"":false,""type"":""Point"",""coordinates"":[102.936645850094,12.154430372958156]}"
0_00000000000000000029_0,2018-01-04,0,0,0,0,0,,10,,"{""geodesic"":false,""type"":""Point"",""coordinates"":[102.82408694499382,12.542772070283025]}"
0_0000000000000000002a_0,2018-01-04,0,0,0,0,0,,6,,"{""geodesic"":false,""type"":""Point"",""coordinates"":[102.82812936377236,12.454647340910899]}"
0_0000000000000000002b_0,2018-01-04,0,0,0,0,0,,7,,"{""geodesic"":false,""type"":""Point"",""coordinates"":[102.87070950823961,12.279565692036005]}"
0_0000000000000000002c_0,2018-01-04,0,0,0,0,0,,8,,"{""geodesic"":false,""type"":""Point"",""coordinates"":[102.78465090402096,12.362390361231824]}"
0_0000000000000000002d_0,2018-01-04,0,0,0,0,0,,7,,"{""geodesic"":false,""type"":""Point"",""coordinates"":[102.92703387655392,12.163413525799351]}"
0_0000000000000000002e_0,2018-01-04,0,0,0,0,0,,5,,"{""geodesic"":false,""type"":""Point"",""coordinates"":[102.86217551304048,12.1615270637027]}"
0_0000000000000000002f_0,2018-01-04,0,0,0,0,0,,10,,"{""geodesic"":false,""type"":""Point"",""coordinates"":[103.00114488749378,12.32169667886121]}"
0_00000000000000000030_0,2018-01-04,0,0,0,0,0,,7,,"{""geodesic"":false,""type"":""Point"",""coordinates"":[102.90538447820663,12.25261623351242]}"
0_00000000000000000031_0,2018-01-04,0,0,0,0,0,,5,,"{""geodesic"":false,""type"":""Point"",""coordinates"":[102.78995096419727,12.33094932628764]}"
0_00000000000000000032_0,2018-01-04,0,0,0,0,0,,10,,"{""geodesic"":false,""type"":""Point"",""coordinates"":[103.00563646391437,12.584992888636641]}"
0_00000000000000000033_0,2018-01-04,0,0,0,0,0,,5,,"{""geodesic"":false,""type"":""Point"",""coordinates"":[102.75842009772468,12.099722972155277]}"
0_00000000000000000034_0,2018-01-04,0,0,0,0,0,,8,,"{""geodesic"":false,""type"":""Point"",""coordinates"":[102.78222545275385,12.123258832599209]}"
0_00000000000000000035_0,2018-01-04,0,0,0,0,0,,7,,"{""geodesic"":false,""type"":""Point"",""coordinates"":[102.82750054307347,12.014203357107098]}"
0_00000000000000000036_0,2018-01-04,0,0,0,0,0,,7,,"{""geodesic"":false,""type"":""Point"",""coordinates"":[102.79623917118612,12.278397882166649]}"
0_00000000000000000037_0,2018-01-04,0,0,0,0,0,,7,,"{""geodesic"":false,""type"":""Point"",""coordinates"":[102.83792100036926,12.44782014475159]}"
0_00000000000000000038_0,2018-01-04,0,0,0,0,0,,7,,"{""geodesic"":false,""type"":""Point"",""coordinates"":[102.94473068765107,12.389070325170174]}"
0_00000000000000000039_0,2018-01-04,0,0,0,0,0,,7,,"{""geodesic"":false,""type"":""Point"",""coordinates"":[102.96781739045294,12.4914782675598]}"
0_0000000000000000003a_0,2018-01-04,0,0,0,0,0,,7,,"{""geodesic"":false,""type"":""Point"",""coordinates"":[102.80153923136241,12.320169542878208]}"
0_0000000000000000003b_0,2018-01-04,0,0,0,0,0,,5,,"{""geodesic"":false,""type"":""Point"",""coordinates"":[102.81474446603897,12.395268700630599]}"
0_0000000000000000003c_0,2018-01-04,0,0,0,0,0,,5,,"{""geodesic"":false,""type"":""Point"",""coordinates"":[102.88121979706382,11.95913663019057]}"
0_0000000000000000003d_0,2018-01-04,0,0,0,0,0,,7,,"{""geodesic"":false,""type"":""Point"",""coordinates"":[102.8111512049025,12.39625684744313]}"
0_0000000000000000003e_0,2018-01-04,0,0,0,0,0,,7,,"{""geodesic"":false,""type"":""Point"",""coordinates"":[102.95065956852626,12.465067798206686]}"
0_0000000000000000003f_0,2018-01-04,0,0,0,0,0,,8,,"{""geodesic"":false,""type"":""Point"",""coordinates"":[102.72805704112145,12.0878652104049]}"
0_00000000000000000040_0,2018-01-04,0,0,0,0,0,,6,,"{""geodesic"":false,""type"":""Point"",""coordinates"":[102.80522232402731,11.969377424429535]}"
0_00000000000000000041_0,2018-01-04,0,0,0,0,0,,7,,"{""geodesic"":false,""type"":""Point"",""coordinates"":[102.79219675240758,12.225846438045657]}"
0_00000000000000000042_0,2018-01-04,0,0,0,0,0,,7,,"{""geodesic"":false,""type"":""Point"",""coordinates"":[102.8480719630798,12.321876341918035]}"
0_00000000000000000043_0,2018-01-04,0,0,0,0,0,,7,,"{""geodesic"":false,""type"":""Point"",""coordinates"":[103.02486041099453,12.405689157926385]}"
0_00000000000000000044_0,2018-01-04,0,0,0,0,0,,7,,"{""geodesic"":false,""type"":""Point"",""coordinates"":[102.7901306272541,12.20482586039726]}"
0_00000000000000000045_0,2018-01-04,0,0,0,0,0,,5,,"{""geodesic"":false,""type"":""Point"",""coordinates"":[102.9795853206749,12.33175781004335]}"
0_00000000000000000046_0,2018-01-04,0,0,0,0,0,,5,,"{""geodesic"":false,""type"":""Point"",""coordinates"":[102.91203201130912,12.219288736471585]}"
0_00000000000000000047_0,2018-01-04,0,0,0,0,0,,5,,"{""geodesic"":false,""type"":""Point"",""coordinates"":[102.95308501979338,12.587777666017413]}"
0_00000000000000000048_0,2018-01-04,0,0,0,0,0,,6,,"{""geodesic"":false,""type"":""Point"",""coordinates"":[102.96862587420866,12.30471851999135]}"
0_00000000000000000049_0,2018-01-04,0,0,0,0,0,,7,,"{""geodesic"":false,""type"":""Point"",""coordinates"":[102.79722731799865,12.065946317472383]}"
0_0000000000000000004a_0,2018-01-04,0,0,0,0,0,,7,,"{""geodesic"":false,""type"":""Point"",""coordinates"":[102.92344061541743,12.206083501795028]}"
0_0000000000000000004b_0,2018-01-04,0,0,0,0,0,,7,,"{""geodesic"":false,""type"":""Point"",""coordinates"":[102.88660968876853,12.060376762710842]}"
0_0000000000000000004c_0,2018-01-04,0,0,0,0,0,,5,,"{""geodesic"":false,""type"":""Point"",""coordinates"":[102.77503893048089,12.331578146986525]}"
0_0000000000000000004d_0,2018-01-04,0,0,0,0,0,,7,,"{""geodesic"":false,""type"":""Point"",""coordinates"":[102.9524561990945,12.18317646204998]}"
0_0000000000000000004e_0,2018-01-04,0,0,0,0,0,,10,,"{""geodesic"":false,""type"":""Point"",""coordinates"":[102.917242239957,12.585262383221878]}"
0_0000000000000000004f_0,2018-01-04,0,0,0,0,0,,7,,"{""geodesic"":false,""type"":""Point"",""coordinates"":[102.83899897871021,12.256209494648898]}"
0_00000000000000000050_0,2018-01-04,0,0,0,0,0,,7,,"{""geodesic"":false,""type"":""Point"",""coordinates"":[102.78806450210062,12.32349330942945]}"
0_00000000000000000051_0,2018-01-04,0,0,0,0,0,,8,,"{""geodesic"":false,""type"":""Point"",""coordinates"":[102.84384988124445,12.33642904952077]}"
0_00000000000000000052_0,2018-01-04,0,0,0,0,0,,5,,"{""geodesic"":false,""type"":""Point"",""coordinates"":[102.84708381626727,12.405778989454797]}"
0_00000000000000000053_0,2018-01-04,0,0,0,0,0,,7,,"{""geodesic"":false,""type"":""Point"",""coordinates"":[102.9600020474811,12.371014187959371]}"
0_00000000000000000054_0,2018-01-04,0,0,0,0,0,,7,,"{""geodesic"":false,""type"":""Point"",""coordinates"":[102.9457188344636,12.440184464836575]}"
0_00000000000000000055_0,2018-01-04,0,0,0,0,0,,5,,"{""geodesic"":false,""type"":""Point"",""coordinates"":[102.88993345531978,12.56648759378378]}"
0_00000000000000000056_0,2018-01-04,0,0,0,0,0,,7,,"{""geodesic"":false,""type"":""Point"",""coordinates"":[102.84456853347174,12.30965925405401]}"
0_00000000000000000057_0,2018-01-04,0,0,0,0,0,,6,,"{""geodesic"":false,""type"":""Point"",""coordinates"":[102.79444254061788,12.10951460875218]}"
0_00000000000000000058_0,2018-01-04,0,0,0,0,0,,8,,"{""geodesic"":false,""type"":""Point"",""coordinates"":[102.94598832904883,12.293848905053505]}"
0_00000000000000000059_0,2018-01-04,0,0,0,0,0,,7,,"{""geodesic"":false,""type"":""Point"",""coordinates"":[102.93583736633829,12.304269362349292]}"
0_0000000000000000005a_0,2018-01-04,0,0,0,0,0,,7,,"{""geodesic"":false,""type"":""Point"",""coordinates"":[102.93673568162241,12.066215812057619]}"
0_0000000000000000005b_0,2018-01-04,0,0,0,0,0,,5,,"{""geodesic"":false,""type"":""Point"",""coordinates"":[102.8930775588142,12.419523213301826]}"
0_0000000000000000005c_0,2018-01-04,0,0,0,0,0,,6,,"{""geodesic"":false,""type"":""Point"",""coordinates"":[102.98650234836262,12.613110157029583]}"
0_0000000000000000005d_0,2018-01-04,0,0,0,0,0,,8,,"{""geodesic"":false,""type"":""Point"",""coordinates"":[102.82714121695983,12.358976763152171]}"
0_0000000000000000005e_0,2018-01-04,0,0,0,0,0,,7,,"{""geodesic"":false,""type"":""Point"",""coordinates"":[102.9344898934121,12.129816534173282]}"
0_0000000000000000005f_0,2018-01-04,0,0,0,0,0,,6,,"{""geodesic"":false,""type"":""Point"",""coordinates"":[102.84061594622162,11.924281997166734]}"
0_00000000000000000060_0,2018-01-04,0,0,0,0,0,,7,,"{""geodesic"":false,""type"":""Point"",""coordinates"":[103.00824157823831,12.383770264993869]}"
0_00000000000000000061_0,2018-01-04,0,0,0,0,0,,7,,"{""geodesic"":false,""type"":""Point"",""coordinates"":[102.84097527233527,12.437938676626276]}"
0_00000000000000000062_0,2018-01-04,0,0,0,0,0,,7,,"{""geodesic"":false,""type"":""Point"",""coordinates"":[102.86864338308615,12.068641263324741]}"
0_00000000000000000063_0,2018-01-04,0,0,0,0,0,,7,,"{""geodesic"":false,""type"":""Point"",""coordinates"":[102.85903140954606,12.157215150338926]}"
0_00000000000000000064_0,2018-01-04,0,0,0,0,0,,7,,"{""geodesic"":false,""type"":""Point"",""coordinates"":[102.9510188946399,12.10080095049622]}"
0_00000000000000000065_0,2018-01-04,0,0,0,0,0,,7,,"{""geodesic"":false,""type"":""Point"",""coordinates"":[102.90816925558741,12.027857749425715]}"
0_00000000000000000066_0,2018-01-04,0,0,0,0,0,,7,,"{""geodesic"":false,""type"":""Point"",""coordinates"":[102.95577996564575,12.4012874130342]}"
0_00000000000000000067_0,2018-01-04,0,0,0,0,0,,10,,"{""geodesic"":false,""type"":""Point"",""coordinates"":[102.9930600499367,12.295286209508097]}"
0_00000000000000000068_0,2018-01-04,0,0,0,0,0,,5,,"{""geodesic"":false,""type"":""Point"",""coordinates"":[102.94356287778172,12.554540000504991]}"
0_00000000000000000069_0,2018-01-04,0,0,0,0,0,,6,,"{""geodesic"":false,""type"":""Point"",""coordinates"":[102.98758032670356,12.593706546892601]}"
0_0000000000000000006a_0,2018-01-04,0,0,0,0,0,,7,,"{""geodesic"":false,""type"":""Point"",""coordinates"":[102.92550674057091,12.309928748639244]}"
0_0000000000000000006b_0,2018-01-04,0,0,0,0,0,,7,,"{""geodesic"":false,""type"":""Point"",""coordinates"":[102.91059470685452,12.163683020384587]}"
0_0000000000000000006c_0,2018-01-04,0,0,0,0,0,,6,,"{""geodesic"":false,""type"":""Point"",""coordinates"":[102.76318116873051,12.046363044278577]}"
0_0000000000000000006d_0,2018-01-04,0,0,0,0,0,,7,,"{""geodesic"":false,""type"":""Point"",""coordinates"":[102.8961318307802,12.35026310489621]}"
0_0000000000000000006e_0,2018-01-04,0,0,0,0,0,,7,,"{""geodesic"":false,""type"":""Point"",""coordinates"":[102.84384988124445,11.96776045691812]}"
0_0000000000000000006f_0,2018-01-04,0,0,0,0,0,,7,,"{""geodesic"":false,""type"":""Point"",""coordinates"":[102.89056227601866,12.497227485378165]}"
0_00000000000000000070_0,2018-01-04,0,0,0,0,0,,7,,"{""geodesic"":false,""type"":""Point"",""coordinates"":[102.9945871859197,12.48878332170744]}"
0_00000000000000000071_0,2018-01-04,0,0,0,0,0,,5,,"{""geodesic"":false,""type"":""Point"",""coordinates"":[102.83172262490883,12.453928688683604]}"
0_00000000000000000072_0,2018-01-04,0,0,0,0,0,,5,,"{""geodesic"":false,""type"":""Point"",""coordinates"":[102.83037515198265,12.520314188180036]}"
0_00000000000000000073_0,2018-01-04,0,0,0,0,0,,7,,"{""geodesic"":false,""type"":""Point"",""coordinates"":[102.91778122912748,11.978989397969613]}"
0_00000000000000000074_0,2018-01-04,0,0,0,0,0,,5,,"{""geodesic"":false,""type"":""Point"",""coordinates"":[102.8480719630798,12.097926341587037]}"
0_00000000000000000075_0,2018-01-04,0,0,0,0,0,,5,,"{""geodesic"":false,""type"":""Point"",""coordinates"":[102.8345074022896,12.52642273211205]}"
0_00000000000000000076_0,2018-01-04,0,0,0,0,0,,5,,"{""geodesic"":false,""type"":""Point"",""coordinates"":[102.95200704145243,12.385836390147345]}"
0_00000000000000000077_0,2018-01-04,0,0,0,0,0,,6,,"{""geodesic"":false,""type"":""Point"",""coordinates"":[103.04902509213734,12.569901191863433]}"
0_00000000000000000078_0,2018-01-04,0,0,0,0,0,,7,,"{""geodesic"":false,""type"":""Point"",""coordinates"":[102.83432773923278,12.297981155360455]}"
0_00000000000000000079_0,2018-01-04,0,0,0,0,0,,7,,"{""geodesic"":false,""type"":""Point"",""coordinates"":[102.93547804022464,12.187937533055814]}"
0_0000000000000000007a_0,2018-01-04,0,0,0,0,0,,5,,"{""geodesic"":false,""type"":""Point"",""coordinates"":[102.94859344337279,12.58355558418205]}"
0_0000000000000000007b_0,2018-01-04,0,0,0,0,0,,7,,"{""geodesic"":false,""type"":""Point"",""coordinates"":[102.84843128919346,12.17536111907814]}"
0_0000000000000000007c_0,2018-01-04,0,0,0,0,0,,7,,"{""geodesic"":false,""type"":""Point"",""coordinates"":[102.78995096419727,12.169432238202951]}"
0_0000000000000000007d_0,2018-01-04,0,0,0,0,0,,6,,"{""geodesic"":false,""type"":""Point"",""coordinates"":[102.93098646380405,12.287291203479432]}"
0_0000000000000000007e_0,2018-01-04,0,0,0,0,0,,7,,"{""geodesic"":false,""type"":""Point"",""coordinates"":[102.97913616303285,12.466325439604454]}"
0_0000000000000000007f_0,2018-01-04,0,0,0,0,0,,8,,"{""geodesic"":false,""type"":""Point"",""coordinates"":[102.8028867042886,12.483034103889077]}"
0_00000000000000000080_0,2018-01-04,0,0,0,0,0,,6,,"{""geodesic"":false,""type"":""Point"",""coordinates"":[102.79489169825993,11.96551466870782]}"
0_00000000000000000081_0,2018-01-04,0,0,0,0,0,,6,,"{""geodesic"":false,""type"":""Point"",""coordinates"":[102.9156252724456,12.262407870109323]}"
0_00000000000000000082_0,2018-01-04,0,0,0,0,0,,7,,"{""geodesic"":false,""type"":""Point"",""coordinates"":[102.92433893070155,12.066125980529206]}"
0_00000000000000000083_0,2018-01-04,0,0,0,0,0,,7,,"{""geodesic"":false,""type"":""Point"",""coordinates"":[102.93323225201434,12.485459555156199]}"
0_00000000000000000084_0,2018-01-04,0,0,0,0,0,,5,,"{""geodesic"":false,""type"":""Point"",""coordinates"":[102.91230150589435,12.064149686904143]}"
0_00000000000000000085_0,2018-01-04,0,0,0,0,0,,8,,"{""geodesic"":false,""type"":""Point"",""coordinates"":[102.76120487510545,12.135026762821173]}"
0_00000000000000000086_0,2018-01-04,0,0,0,0,0,,5,,"{""geodesic"":false,""type"":""Point"",""coordinates"":[102.9570376070435,12.533070265214533]}"
0_00000000000000000087_0,2018-01-04,0,0,0,0,0,,7,,"{""geodesic"":false,""type"":""Point"",""coordinates"":[102.78689669223127,12.148142165969318]}"
0_00000000000000000088_0,2018-01-04,0,0,0,0,0,,7,,"{""geodesic"":false,""type"":""Point"",""coordinates"":[102.85040758281852,12.149848965009147]}"
0_00000000000000000089_0,2018-01-04,0,0,0,0,0,,8,,"{""geodesic"":false,""type"":""Point"",""coordinates"":[102.81699025424928,12.219737894113646]}"
0_0000000000000000008b_0,2018-01-04,0,0,0,0,0,,7,,"{""geodesic"":false,""type"":""Point"",""coordinates"":[102.93278309437228,12.205903838738204]}"
0_0000000000000000008d_0,2018-01-04,0,0,0,0,0,,6,,"{""geodesic"":false,""type"":""Point"",""coordinates"":[102.82588357556206,12.10448404316111]}"
0_0000000000000000008e_0,2018-01-04,0,0,0,0,0,,7,,"{""geodesic"":false,""type"":""Point"",""coordinates"":[102.89190974894484,12.105651853030466]}"
0_00000000000000000091_0,2018-01-04,0,0,0,0,0,,7,,"{""geodesic"":false,""type"":""Point"",""coordinates"":[102.92838134948009,11.958238314906453]}"
0_00000000000000000092_0,2018-01-04,0,0,0,0,0,,7,,"{""geodesic"":false,""type"":""Point"",""coordinates"":[103.02521973710817,12.484920565985728]}"
0_00000000000000000093_0,2018-01-04,0,0,0,0,0,,7,,"{""geodesic"":false,""type"":""Point"",""coordinates"":[102.93125595838927,12.433177605620443]}"
0_00000000000000000094_0,2018-01-04,0,0,0,0,0,,5,,"{""geodesic"":false,""type"":""Point"",""coordinates"":[103.00527713780072,12.338135848560597]}"
0_00000000000000000095_0,2018-01-04,0,0,0,0,0,,6,,"{""geodesic"":false,""type"":""Point"",""coordinates"":[102.75842009772468,12.205095354982497]}"
0_00000000000000000096_0,2018-01-04,0,0,0,0,0,,5,,"{""geodesic"":false,""type"":""Point"",""coordinates"":[102.90763026641693,12.544209374737616]}"
0_00000000000000000097_0,2018-01-04,0,0,0,0,0,,6,,"{""geodesic"":false,""type"":""Point"",""coordinates"":[102.80926474280585,12.113107869888658]}"
0_00000000000000000098_0,2018-01-04,0,0,0,0,0,,7,,"{""geodesic"":false,""type"":""Point"",""coordinates"":[102.87978249260922,12.459049085803086]}"
0_00000000000000000099_0,2018-01-04,0,0,0,0,0,,7,,"{""geodesic"":false,""type"":""Point"",""coordinates"":[102.89792846134844,12.231865150449257]}"
0_0000000000000000009a_0,2018-01-04,0,0,0,0,0,,7,,"{""geodesic"":false,""type"":""Point"",""coordinates"":[102.88148929164906,11.888888374972424]}"
0_0000000000000000009b_0,2018-01-04,0,0,0,0,0,,5,,"{""geodesic"":false,""type"":""Point"",""coordinates"":[102.94212557332712,12.584274236409346]}"
0_0000000000000000009c_0,2018-01-04,0,0,0,0,0,,6,,"{""geodesic"":false,""type"":""Point"",""coordinates"":[102.97599205953843,12.197998664237952]}"
0_0000000000000000009d_0,2018-01-04,0,0,0,0,0,,7,,"{""geodesic"":false,""type"":""Point"",""coordinates"":[102.95910373219698,12.505042828350005]}"
0_0000000000000000009e_0,2018-01-04,0,0,0,0,0,,10,,"{""geodesic"":false,""type"":""Point"",""coordinates"":[103.00653477919849,12.315049145758726]}"
0_0000000000000000009f_0,2018-01-04,0,0,0,0,0,,7,,"{""geodesic"":false,""type"":""Point"",""coordinates"":[102.8336989185339,12.416379109807409]}"
0_000000000000000000a0_0,2018-01-04,0,0,0,0,0,,6,,"{""geodesic"":false,""type"":""Point"",""coordinates"":[102.83378875006231,12.504414007651121]}"
0_000000000000000000a1_0,2018-01-04,0,0,0,0,0,,6,,"{""geodesic"":false,""type"":""Point"",""coordinates"":[102.80315619887384,12.423565632080365]}"
0_000000000000000000a2_0,2018-01-04,0,0,0,0,0,,6,,"{""geodesic"":false,""type"":""Point"",""coordinates"":[102.78950180655522,12.025611961215416]}"
0_000000000000000000a3_0,2018-01-04,0,0,0,0,0,,7,,"{""geodesic"":false,""type"":""Point"",""coordinates"":[102.79327473074852,12.15092694335009]}"
0_000000000000000000a4_0,2018-01-04,0,0,0,0,0,,7,,"{""geodesic"":false,""type"":""Point"",""coordinates"":[102.98461588626597,12.272199506706224]}"
0_000000000000000000a5_0,2018-01-04,0,0,0,0,0,,6,,"{""geodesic"":false,""type"":""Point"",""coordinates"":[102.90897773934311,12.242734765387105]}"
0_000000000000000000a6_0,2018-01-04,0,0,0,0,0,,7,,"{""geodesic"":false,""type"":""Point"",""coordinates"":[102.91149302213864,12.00872363387397]}"
0_000000000000000000a7_0,2018-01-04,0,0,0,0,0,,7,,"{""geodesic"":false,""type"":""Point"",""coordinates"":[103.01066702950544,12.440094633308163]}"
0_000000000000000000a8_0,2018-01-04,0,0,0,0,0,,7,,"{""geodesic"":false,""type"":""Point"",""coordinates"":[102.89244873811532,12.353047882276982]}"
0_000000000000000000a9_0,2018-01-04,0,0,0,0,0,,7,,"{""geodesic"":false,""type"":""Point"",""coordinates"":[102.82211065136876,11.939822851582003]}"
0_000000000000000000aa_0,2018-01-04,0,0,0,0,0,,7,,"{""geodesic"":false,""type"":""Point"",""coordinates"":[102.9705123363053,12.420691023171182]}"
0_000000000000000000ab_0,2018-01-04,0,0,0,0,0,,7,,"{""geodesic"":false,""type"":""Point"",""coordinates"":[102.97311745062925,12.452850710342661]}"
0_000000000000000000ac_0,2018-01-04,0,0,0,0,0,,5,,"{""geodesic"":false,""type"":""Point"",""coordinates"":[102.76812190279317,12.101070445081456]}"
0_000000000000000000ad_0,2018-01-04,0,0,0,0,0,,7,,"{""geodesic"":false,""type"":""Point"",""coordinates"":[103.02890282977307,12.476117076201357]}"
0_000000000000000000ae_0,2018-01-04,0,0,0,0,0,,7,,"{""geodesic"":false,""type"":""Point"",""coordinates"":[103.00419915945979,12.424463947364483]}"
0_000000000000000000af_0,2018-01-04,0,0,0,0,0,,7,,"{""geodesic"":false,""type"":""Point"",""coordinates"":[102.80459350332842,12.152813405446741]}"
0_000000000000000000b0_0,2018-01-04,0,0,0,0,0,,7,,"{""geodesic"":false,""type"":""Point"",""coordinates"":[102.9960244903743,12.33732736480489]}"
0_000000000000000000b1_0,2018-01-04,0,0,0,0,0,,5,,"{""geodesic"":false,""type"":""Point"",""coordinates"":[102.78968146961203,12.383770264993869]}"
0_000000000000000000b2_0,2018-01-04,0,0,0,0,0,,7,,"{""geodesic"":false,""type"":""Point"",""coordinates"":[102.90448616292251,12.435513225359154]}"
0_000000000000000000b3_0,2018-01-04,0,0,0,0,0,,7,,"{""geodesic"":false,""type"":""Point"",""coordinates"":[102.85831275731877,12.19422574004465]}"
0_000000000000000000b4_0,2018-01-04,0,0,0,0,0,,6,,"{""geodesic"":false,""type"":""Point"",""coordinates"":[103.06321847362643,12.614008472313703]}"
0_000000000000000000b5_0,2018-01-04,0,0,0,0,0,,7,,"{""geodesic"":false,""type"":""Point"",""coordinates"":[102.83917864176702,12.405778989454797]}"
0_000000000000000000b6_0,2018-01-04,0,0,0,0,0,,7,,"{""geodesic"":false,""type"":""Point"",""coordinates"":[102.89981492344509,12.307323634315297]}"
0_000000000000000000b7_0,2018-01-04,0,0,0,0,0,,7,,"{""geodesic"":false,""type"":""Point"",""coordinates"":[102.88885547697883,12.170150890430246]}"
0_000000000000000000b8_0,2018-01-04,0,0,0,0,0,,7,,"{""geodesic"":false,""type"":""Point"",""coordinates"":[102.88759783558106,12.352958050748569]}"
0_000000000000000000b9_0,2018-01-04,0,0,0,0,0,,5,,"{""geodesic"":false,""type"":""Point"",""coordinates"":[102.90772009794534,12.516900590100382]}"
0_000000000000000000ba_0,2018-01-04,0,0,0,0,0,,7,,"{""geodesic"":false,""type"":""Point"",""coordinates"":[102.92757286572439,11.994979410026941]}"
0_000000000000000000bb_0,2018-01-04,0,0,0,0,0,,7,,"{""geodesic"":false,""type"":""Point"",""coordinates"":[102.79893411703847,12.198268158823188]}"
0_000000000000000000bc_0,2018-01-04,0,0,0,0,0,,7,,"{""geodesic"":false,""type"":""Point"",""coordinates"":[102.90978622309882,12.019952574925464]}"
0_000000000000000000bd_0,2018-01-04,0,0,0,0,0,,7,,"{""geodesic"":false,""type"":""Point"",""coordinates"":[102.76515746235557,12.213359855596396]}"
0_000000000000000000be_0,2018-01-04,0,0,0,0,0,,7,,"{""geodesic"":false,""type"":""Point"",""coordinates"":[102.9382628176054,12.153352394617212]}"
0_000000000000000000bf_0,2018-01-04,0,0,0,0,0,,7,,"{""geodesic"":false,""type"":""Point"",""coordinates"":[102.9193981966389,12.413773995483462]}"
0_000000000000000000c0_0,2018-01-04,0,0,0,0,0,,7,,"{""geodesic"":false,""type"":""Point"",""coordinates"":[102.95721727010033,12.16700678693583]}"
0_000000000000000000c1_0,2018-01-04,0,0,0,0,0,,7,,"{""geodesic"":false,""type"":""Point"",""coordinates"":[103.00707376836897,12.520314188180036]}"
0_000000000000000000c2_0,2018-01-04,0,0,0,0,0,,5,,"{""geodesic"":false,""type"":""Point"",""coordinates"":[102.81779873800498,12.128828387360748]}"
0_000000000000000000c3_0,2018-01-04,0,0,0,0,0,,7,,"{""geodesic"":false,""type"":""Point"",""coordinates"":[102.88643002571172,12.434165752432975]}"
0_000000000000000000c4_0,2018-01-04,0,0,0,0,0,,7,,"{""geodesic"":false,""type"":""Point"",""coordinates"":[103.01345180688621,12.48132730484925]}"
0_000000000000000000c5_0,2018-01-04,0,0,0,0,0,,7,,"{""geodesic"":false,""type"":""Point"",""coordinates"":[102.94284422555442,12.438657328853573]}"
0_000000000000000000c6_0,2018-01-04,0,0,0,0,0,,7,,"{""geodesic"":false,""type"":""Point"",""coordinates"":[102.88678935182536,12.434704741603447]}"
0_000000000000000000c7_0,2018-01-04,0,0,0,0,0,,8,,"{""geodesic"":false,""type"":""Point"",""coordinates"":[102.88193844929111,12.013933862521862]}"
0_000000000000000000c8_0,2018-01-04,0,0,0,0,0,,7,,"{""geodesic"":false,""type"":""Point"",""coordinates"":[102.93206444214498,12.424553778892896]}"
0_000000000000000000c9_0,2018-01-04,0,0,0,0,0,,7,,"{""geodesic"":false,""type"":""Point"",""coordinates"":[102.8946046947972,12.401916233733084]}"
0_000000000000000000ca_0,2018-01-04,0,0,0,0,0,,7,,"{""geodesic"":false,""type"":""Point"",""coordinates"":[103.00321101264726,12.501539398741938]}"
0_000000000000000000cb_0,2018-01-04,0,0,0,0,0,,7,,"{""geodesic"":false,""type"":""Point"",""coordinates"":[102.96709873822564,12.176978086589555]}"
0_000000000000000000cc_0,2018-01-04,0,0,0,0,0,,5,,"{""geodesic"":false,""type"":""Point"",""coordinates"":[102.74593351527542,12.08696689512078]}"
0_000000000000000000cd_0,2018-01-04,0,0,0,0,0,,7,,"{""geodesic"":false,""type"":""Point"",""coordinates"":[102.8607382085859,12.38745335765876]}"
0_000000000000000000ce_0,2018-01-04,0,0,0,0,0,,7,,"{""geodesic"":false,""type"":""Point"",""coordinates"":[102.99665331107317,12.523548123202866]}"
0_000000000000000000cf_0,2018-01-04,0,0,0,0,0,,5,,"{""geodesic"":false,""type"":""Point"",""coordinates"":[102.85004825670487,12.460755884842913]}"
0_000000000000000000d0_0,2018-01-04,0,0,0,0,0,,7,,"{""geodesic"":false,""type"":""Point"",""coordinates"":[102.87547057924546,12.387273694601936]}"
0_000000000000000000d1_0,2018-01-04,0,0,0,0,0,,7,,"{""geodesic"":false,""type"":""Point"",""coordinates"":[102.88660968876853,11.967850288446531]}"
0_000000000000000000d2_0,2018-01-04,0,0,0,0,0,,5,,"{""geodesic"":false,""type"":""Point"",""coordinates"":[102.99368887063558,12.364815812498948]}"
0_000000000000000000d3_0,2018-01-04,0,0,0,0,0,,7,,"{""geodesic"":false,""type"":""Point"",""coordinates"":[102.94320355166806,12.074300649614694]}"
0_000000000000000000d4_0,2018-01-04,0,0,0,0,0,,7,,"{""geodesic"":false,""type"":""Point"",""coordinates"":[102.91176251672388,12.125684283866331]}"
0_000000000000000000d5_0,2018-01-04,0,0,0,0,0,,10,,"{""geodesic"":false,""type"":""Point"",""coordinates"":[102.98012430984538,12.590292948812948]}"
0_000000000000000000d6_0,2018-01-04,0,0,0,0,0,,7,,"{""geodesic"":false,""type"":""Point"",""coordinates"":[103.03671817274491,12.513936149662788]}"
0_000000000000000000d7_0,2018-01-04,0,0,0,0,0,,6,,"{""geodesic"":false,""type"":""Point"",""coordinates"":[102.84223291373303,11.91161575166065]}"
0_000000000000000000d8_0,2018-01-04,0,0,0,0,0,,6,,"{""geodesic"":false,""type"":""Point"",""coordinates"":[102.94670698127614,12.64149692000776]}"
0_000000000000000000d9_0,2018-01-04,0,0,0,0,0,,7,,"{""geodesic"":false,""type"":""Point"",""coordinates"":[102.89882677663256,12.497137653849753]}"
0_000000000000000000da_0,2018-01-04,0,0,0,0,0,,7,,"{""geodesic"":false,""type"":""Point"",""coordinates"":[102.83307009783502,12.17311533086784]}"
0_000000000000000000db_0,2018-01-04,0,0,0,0,0,,7,,"{""geodesic"":false,""type"":""Point"",""coordinates"":[102.99072443019799,12.486088375855083]}"
0_000000000000000000dc_0,2018-01-04,0,0,0,0,0,,7,,"{""geodesic"":false,""type"":""Point"",""coordinates"":[102.84465836500016,11.908112322052583]}"
0_000000000000000000dd_0,2018-01-04,0,0,0,0,0,,7,,"{""geodesic"":false,""type"":""Point"",""coordinates"":[102.78986113266886,12.18452393497616]}"
0_000000000000000000de_0,2018-01-04,0,0,0,0,0,,7,,"{""geodesic"":false,""type"":""Point"",""coordinates"":[102.98883796810134,12.23473975935844]}"
0_000000000000000000df_0,2018-01-04,0,0,0,0,0,,7,,"{""geodesic"":false,""type"":""Point"",""coordinates"":[102.93404073577004,12.233122791847025]}"
0_000000000000000000e0_0,2018-01-04,0,0,0,0,0,,7,,"{""geodesic"":false,""type"":""Point"",""coordinates"":[102.8345074022896,12.13529625740641]}"
0_000000000000000000e1_0,2018-01-04,0,0,0,0,0,,7,,"{""geodesic"":false,""type"":""Point"",""coordinates"":[102.80082057913512,12.012227063482035]}"
0_000000000000000000e2_0,2018-01-04,0,0,0,0,0,,5,,"{""geodesic"":false,""type"":""Point"",""coordinates"":[102.81483429756739,12.055885186290244]}"
0_000000000000000000e3_0,2018-01-04,0,0,0,0,0,,7,,"{""geodesic"":false,""type"":""Point"",""coordinates"":[102.84537701722745,11.921946377428023]}"
0_000000000000000000e4_0,2018-01-04,0,0,0,0,0,,7,,"{""geodesic"":false,""type"":""Point"",""coordinates"":[102.83962779940909,12.383051612766574]}"
0_000000000000000000e5_0,2018-01-04,0,0,0,0,0,,7,,"{""geodesic"":false,""type"":""Point"",""coordinates"":[102.85588730605164,12.12927754500281]}"
0_000000000000000000e6_0,2018-01-04,0,0,0,0,0,,6,,"{""geodesic"":false,""type"":""Point"",""coordinates"":[102.97796835316349,12.592359073966422]}"
0_000000000000000000e7_0,2018-01-04,0,0,0,0,0,,7,,"{""geodesic"":false,""type"":""Point"",""coordinates"":[102.83423790770436,12.304449025406116]}"
0_000000000000000000e8_0,2018-01-04,0,0,0,0,0,,5,,"{""geodesic"":false,""type"":""Point"",""coordinates"":[102.9847955493228,12.33687820716283]}"
0_000000000000000000e9_0,2018-01-04,0,0,0,0,0,,6,,"{""geodesic"":false,""type"":""Point"",""coordinates"":[102.80252737817494,12.426889398631607]}"
0_000000000000000000ea_0,2018-01-04,0,0,0,0,0,,8,,"{""geodesic"":false,""type"":""Point"",""coordinates"":[102.95955288983905,12.330230674060346]}"
0_000000000000000000eb_0,2018-01-04,0,0,0,0,0,,7,,"{""geodesic"":false,""type"":""Point"",""coordinates"":[102.91814055524114,12.467672912530633]}"
0_000000000000000000ec_0,2018-01-04,0,0,0,0,0,,7,,"{""geodesic"":false,""type"":""Point"",""coordinates"":[102.94823411725913,12.500641083457818]}"
0_000000000000000000ed_0,2018-01-04,0,0,0,0,0,,7,,"{""geodesic"":false,""type"":""Point"",""coordinates"":[102.92568640362774,12.216144632977167]}"
0_000000000000000000ee_0,2018-01-04,0,0,0,0,0,,6,,"{""geodesic"":false,""type"":""Point"",""coordinates"":[102.98219043499886,12.610415211177225]}"
0_000000000000000000ef_0,2018-01-04,0,0,0,0,0,,7,,"{""geodesic"":false,""type"":""Point"",""coordinates"":[102.92254230013332,12.510612383111546]}"
0_000000000000000000f0_0,2018-01-04,0,0,0,0,0,,7,,"{""geodesic"":false,""type"":""Point"",""coordinates"":[102.89155042283119,12.159371107020814]}"
0_000000000000000000f1_0,2018-01-04,0,0,0,0,0,,7,,"{""geodesic"":false,""type"":""Point"",""coordinates"":[102.97168014617465,12.466864428774926]}"
0_000000000000000000f2_0,2018-01-04,0,0,0,0,0,,7,,"{""geodesic"":false,""type"":""Point"",""coordinates"":[102.79129843712346,12.14769300832726]}"
0_000000000000000000f3_0,2018-01-04,0,0,0,0,0,,8,,"{""geodesic"":false,""type"":""Point"",""coordinates"":[102.91823038676954,11.937756726428526]}"
1_000000000000000000f4_0,2018-01-11,0,0,0,0,0,,11,,"{""geodesic"":false,""type"":""Point"",""coordinates"":[103.02647737850594,11.571872911206645]}"
1_000000000000000000f6_0,2018-01-11,0,0,0,0,0,,6,,"{""geodesic"":false,""type"":""Point"",""coordinates"":[103.11091901521318,11.433712020509063]}"
1_000000000000000000f8_0,2018-01-11,0,0,0,0,0,,6,,"{""geodesic"":false,""type"":""Point"",""coordinates"":[103.19131823314187,11.481322730567397]}"
1_000000000000000000fa_0,2018-01-11,0,0,0,0,0,,6,,"{""geodesic"":false,""type"":""Point"",""coordinates"":[103.0193806877614,11.387179288791673]}"
1_000000000000000000fb_0,2018-01-11,0,0,0,0,0,,3,,"{""geodesic"":false,""type"":""Point"",""coordinates"":[102.98713116906151,11.56792032395652]}"
1_000000000000000000fd_0,2018-01-11,0,0,0,0,0,,4,,"{""geodesic"":false,""type"":""Point"",""coordinates"":[103.18161642807338,11.437934102344425]}"
1_000000000000000000fe_0,2018-01-11,0,0,0,0,0,,3,,"{""geodesic"":false,""type"":""Point"",""coordinates"":[102.99611432190271,11.507284042278453]}"
1_000000000000000000ff_0,2018-01-11,0,0,0,0,0,,6,,"{""geodesic"":false,""type"":""Point"",""coordinates"":[103.0651947672515,11.575645835399948]}"
1_00000000000000000100_0,2018-01-11,0,0,0,0,0,,4,,"{""geodesic"":false,""type"":""Point"",""coordinates"":[103.05854723414902,11.473776882180793]}"
1_00000000000000000101_0,2018-01-11,0,0,0,0,0,,4,,"{""geodesic"":false,""type"":""Point"",""coordinates"":[103.13014296229333,11.496234764283782]}"
1_00000000000000000102_0,2018-01-11,0,0,0,0,0,,4,,"{""geodesic"":false,""type"":""Point"",""coordinates"":[103.16706372047065,11.355468759262253]}"
1_00000000000000000104_0,2018-01-11,0,0,0,0,0,,3,,"{""geodesic"":false,""type"":""Point"",""coordinates"":[103.06950668061528,11.432095052997647]}"
1_00000000000000000106_0,2018-01-11,0,0,0,0,0,,6,,"{""geodesic"":false,""type"":""Point"",""coordinates"":[103.11020036298588,11.518063825687886]}"
1_00000000000000000107_0,2018-01-11,0,0,0,0,0,,6,,"{""geodesic"":false,""type"":""Point"",""coordinates"":[103.162122986408,11.410625317707192]}"
1_00000000000000000108_0,2018-01-11,0,0,0,0,0,,6,,"{""geodesic"":false,""type"":""Point"",""coordinates"":[103.18323339558481,11.475573512749033]}"
1_00000000000000000109_0,2018-01-11,0,0,0,0,0,,3,,"{""geodesic"":false,""type"":""Point"",""coordinates"":[103.00922972505084,11.49425847065872]}"
1_0000000000000000010b_0,2018-01-11,0,0,0,0,0,,7,,"{""geodesic"":false,""type"":""Point"",""coordinates"":[103.19033008632934,11.549145534518422]}"
1_0000000000000000010c_0,2018-01-11,0,0,0,0,0,,6,,"{""geodesic"":false,""type"":""Point"",""coordinates"":[103.06797954463227,11.461380131259945]}"
1_0000000000000000010d_0,2018-01-11,0,0,0,0,0,,6,,"{""geodesic"":false,""type"":""Point"",""coordinates"":[103.12106997792372,11.48832958978353]}"
1_0000000000000000010e_0,2018-01-11,0,0,0,0,0,,3,,"{""geodesic"":false,""type"":""Point"",""coordinates"":[103.03824530872791,11.473417556067146]}"
1_00000000000000000110_0,2018-01-11,0,0,0,0,0,,11,,"{""geodesic"":false,""type"":""Point"",""coordinates"":[103.00869073588038,11.59046803758792]}"
1_00000000000000000111_0,2018-01-11,0,0,0,0,0,,4,,"{""geodesic"":false,""type"":""Point"",""coordinates"":[103.02854350365942,11.570166112166818]}"
1_00000000000000000112_0,2018-01-11,0,0,0,0,0,,6,,"{""geodesic"":false,""type"":""Point"",""coordinates"":[103.12484290211704,11.554984583865199]}"
1_00000000000000000115_0,2018-01-11,0,0,0,0,0,,6,,"{""geodesic"":false,""type"":""Point"",""coordinates"":[103.12277677696356,11.416644030110792]}"
1_00000000000000000116_0,2018-01-11,0,0,0,0,0,,3,,"{""geodesic"":false,""type"":""Point"",""coordinates"":[103.0569302666376,11.555254078450435]}"
1_0000000000000000011a_0,2018-01-11,0,0,0,0,0,,3,,"{""geodesic"":false,""type"":""Point"",""coordinates"":[103.02090782374441,11.498121226380434]}"
1_0000000000000000011b_0,2018-01-11,0,0,0,0,0,,4,,"{""geodesic"":false,""type"":""Point"",""coordinates"":[103.10328333529816,11.42158476417345]}"
1_0000000000000000011c_0,2018-01-11,0,0,0,0,0,,4,,"{""geodesic"":false,""type"":""Point"",""coordinates"":[103.1471211211632,11.530999565779208]}"
1_0000000000000000011d_0,2018-01-11,0,0,0,0,0,,7,,"{""geodesic"":false,""type"":""Point"",""coordinates"":[103.14703128963478,11.40595407822977]}"
1_0000000000000000011e_0,2018-01-11,0,0,0,0,0,,7,,"{""geodesic"":false,""type"":""Point"",""coordinates"":[103.20119970126719,11.528933440625734]}"
1_0000000000000000011f_0,2018-01-11,0,0,0,0,0,,3,,"{""geodesic"":false,""type"":""Point"",""coordinates"":[102.97150048311784,11.547528567007006]}"
1_00000000000000000120_0,2018-01-11,0,0,0,0,0,,6,,"{""geodesic"":false,""type"":""Point"",""coordinates"":[103.12708869032733,11.553098121768548]}"
1_00000000000000000121_0,2018-01-11,0,0,0,0,0,,3,,"{""geodesic"":false,""type"":""Point"",""coordinates"":[103.09483917162744,11.465692044623719]}"
1_00000000000000000123_0,2018-01-11,0,0,0,0,0,,3,,"{""geodesic"":false,""type"":""Point"",""coordinates"":[103.00563646391437,11.520758771540246]}"
1_00000000000000000124_0,2018-01-11,0,0,0,0,0,,14,,"{""geodesic"":false,""type"":""Point"",""coordinates"":[103.138137968322,11.438922249156956]}"
1_00000000000000000125_0,2018-01-11,0,0,0,0,0,,14,,"{""geodesic"":false,""type"":""Point"",""coordinates"":[103.14128207181642,11.531808049534915]}"
1_00000000000000000126_0,2018-01-11,0,0,0,0,0,,4,,"{""geodesic"":false,""type"":""Point"",""coordinates"":[103.138137968322,11.473866713709207]}"
1_00000000000000000128_0,2018-01-11,0,0,0,0,0,,4,,"{""geodesic"":false,""type"":""Point"",""coordinates"":[103.13382605495823,11.495605943584899]}"
1_00000000000000000129_0,2018-01-11,0,0,0,0,0,,7,,"{""geodesic"":false,""type"":""Point"",""coordinates"":[103.19473183122153,11.518782477915183]}"
1_0000000000000000012d_0,2018-01-11,0,0,0,0,0,,6,,"{""geodesic"":false,""type"":""Point"",""coordinates"":[103.15197202369744,11.471081936328435]}"
1_0000000000000000012f_0,2018-01-11,0,0,0,0,0,,7,,"{""geodesic"":false,""type"":""Point"",""coordinates"":[102.98775998976039,11.395533620933984]}"
1_00000000000000000130_0,2018-01-11,0,0,0,0,0,,4,,"{""geodesic"":false,""type"":""Point"",""coordinates"":[103.11190716202572,11.438023933872838]}"
1_000000000000000000f7_0,2018-01-11,1,1,1,0,0,,17,,"{""geodesic"":false,""type"":""Point"",""coordinates"":[102.99297021840829,11.539443729449932]}"
1_000000000000000000fc_0,2018-01-11,1,1,1,0,0,,1,,"{""geodesic"":false,""type"":""Point"",""coordinates"":[103.10975120534383,11.469285305760197]}"
1_0000000000000000010f_0,2018-01-11,1,1,0,0,0,,1,,"{""geodesic"":false,""type"":""Point"",""coordinates"":[103.13337689731617,11.464164908640715]}"
1_00000000000000000113_0,2018-01-11,1,0,0,0,0,,1,,"{""geodesic"":false,""type"":""Point"",""coordinates"":[103.03456221606302,11.574927183172653]}"
1_00000000000000000118_0,2018-01-11,1,1,1,0,0,,1,,"{""geodesic"":false,""type"":""Point"",""coordinates"":[103.04956408130782,11.457068217896172]}"
1_00000000000000000119_0,2018-01-11,1,1,1,0,0,,1,,"{""geodesic"":false,""type"":""Point"",""coordinates"":[103.13247858203205,11.510248482716047]}"
2_00000000000000000133_0,2018-01-12,0,0,0,0,0,,6,,"{""geodesic"":false,""type"":""Point"",""coordinates"":[103.55091384137492,10.709490238451906]}"
2_00000000000000000136_0,2018-01-12,0,0,0,0,0,,6,,"{""geodesic"":false,""type"":""Point"",""coordinates"":[103.61891630838277,10.628013042182264]}"
2_00000000000000000137_0,2018-01-12,0,0,0,0,0,,6,,"{""geodesic"":false,""type"":""Point"",""coordinates"":[103.68395433495303,10.718024233651041]}"
2_0000000000000000013a_0,2018-01-12,0,0,0,0,0,,6,,"{""geodesic"":false,""type"":""Point"",""coordinates"":[103.68799675373157,10.717664907537394]}"
2_0000000000000000013c_0,2018-01-12,0,0,0,0,0,,11,,"{""geodesic"":false,""type"":""Point"",""coordinates"":[103.6333791844571,10.578695533084103]}"
2_0000000000000000013d_0,2018-01-12,0,0,0,0,0,,11,,"{""geodesic"":false,""type"":""Point"",""coordinates"":[103.61972479213848,10.596751670294905]}"
2_00000000000000000140_0,2018-01-12,0,0,0,0,0,,6,,"{""geodesic"":false,""type"":""Point"",""coordinates"":[103.52683899176051,10.65586081598997]}"
2_00000000000000000142_0,2018-01-12,0,0,0,0,0,,11,,"{""geodesic"":false,""type"":""Point"",""coordinates"":[103.5431883299315,10.598009311692673]}"
2_00000000000000000147_0,2018-01-12,0,0,0,0,0,,6,,"{""geodesic"":false,""type"":""Point"",""coordinates"":[103.68485265023715,10.699698601855003]}"
2_00000000000000000149_0,2018-01-12,0,1,1,0,0,,11,,"{""geodesic"":false,""type"":""Point"",""coordinates"":[103.54669175953956,10.597110996408553]}"
2_0000000000000000014b_0,2018-01-12,0,0,0,0,0,,6,,"{""geodesic"":false,""type"":""Point"",""coordinates"":[103.58469049605782,10.572766652208914]}"
2_0000000000000000014d_0,2018-01-12,0,0,0,0,0,,6,,"{""geodesic"":false,""type"":""Point"",""coordinates"":[103.62071293895102,10.678767855735018]}"
2_0000000000000000014f_0,2018-01-12,0,0,0,0,0,,6,,"{""geodesic"":false,""type"":""Point"",""coordinates"":[103.56618520120496,10.693500226394578]}"
2_00000000000000000150_0,2018-01-12,0,0,0,0,0,,6,,"{""geodesic"":false,""type"":""Point"",""coordinates"":[103.63616396183787,10.680923812416905]}"
2_00000000000000000156_0,2018-01-12,0,0,0,0,0,,6,,"{""geodesic"":false,""type"":""Point"",""coordinates"":[103.61945529755324,10.653525196251259]}"
2_00000000000000000157_0,2018-01-12,0,0,0,0,0,,6,,"{""geodesic"":false,""type"":""Point"",""coordinates"":[103.60130932881403,10.699788433383414]}"
2_00000000000000000159_0,2018-01-12,0,0,0,0,0,,3,,"{""geodesic"":false,""type"":""Point"",""coordinates"":[103.66185577896368,10.581210815879638]}"
2_0000000000000000015b_0,2018-01-12,0,0,0,0,0,,6,,"{""geodesic"":false,""type"":""Point"",""coordinates"":[103.59627876322295,10.643823391182769]}"
2_0000000000000000015f_0,2018-01-12,0,0,0,0,0,,6,,"{""geodesic"":false,""type"":""Point"",""coordinates"":[103.616131531002,10.698351128928824]}"
2_00000000000000000160_0,2018-01-12,0,0,0,0,0,,6,,"{""geodesic"":false,""type"":""Point"",""coordinates"":[103.56241227701165,10.706705461071135]}"
2_00000000000000000162_0,2018-01-12,0,0,0,0,0,,4,,"{""geodesic"":false,""type"":""Point"",""coordinates"":[103.67308472001518,10.694847699320757]}"
2_00000000000000000163_0,2018-01-12,0,0,0,0,0,,6,,"{""geodesic"":false,""type"":""Point"",""coordinates"":[103.57696498461439,10.713981814872502]}"
2_00000000000000000166_0,2018-01-12,0,0,0,0,0,,6,,"{""geodesic"":false,""type"":""Point"",""coordinates"":[103.6108314708257,10.628013042182264]}"
2_00000000000000000168_0,2018-01-12,0,0,0,0,0,,6,,"{""geodesic"":false,""type"":""Point"",""coordinates"":[103.57750397378486,10.565400466879135]}"
2_00000000000000000169_0,2018-01-12,0,0,0,0,0,,6,,"{""geodesic"":false,""type"":""Point"",""coordinates"":[103.55199181971587,10.685505220365915]}"
2_0000000000000000016c_0,2018-01-12,0,0,0,0,0,,6,,"{""geodesic"":false,""type"":""Point"",""coordinates"":[103.67218640473106,10.695296856962816]}"
2_0000000000000000016f_0,2018-01-12,0,0,0,0,0,,11,,"{""geodesic"":false,""type"":""Point"",""coordinates"":[103.51372358861238,10.608699263573694]}"
2_00000000000000000171_0,2018-01-12,0,0,0,0,0,,6,,"{""geodesic"":false,""type"":""Point"",""coordinates"":[103.62538417842843,10.641487771444057]}"
2_00000000000000000172_0,2018-01-12,0,0,0,0,0,,6,,"{""geodesic"":false,""type"":""Point"",""coordinates"":[103.65242346848042,10.670054197479057]}"
2_00000000000000000173_0,2018-01-12,0,0,0,0,0,,6,,"{""geodesic"":false,""type"":""Point"",""coordinates"":[103.68215770438478,10.686403535650033]}"
2_00000000000000000200_0,2018-01-12,0,0,0,0,0,,6,,"{""geodesic"":false,""type"":""Point"",""coordinates"":[103.54444597132927,10.667269420098288]}"
2_0000000000000000013e_0,2018-01-12,1,1,0,0,0,,17,,"{""geodesic"":false,""type"":""Point"",""coordinates"":[103.64056570673004,10.599446616147263]}"
2_000000000000000001ff_0,2018-01-12,1,1,1,1,0,,1,,"{""geodesic"":false,""type"":""Point"",""coordinates"":[103.6169400147577,10.566747939805314]}"
3_00000000000000000199_0,2018-02-05,0,0,0,0,0,,6,,"{""geodesic"":false,""type"":""Point"",""coordinates"":[102.93978995358842,11.730874716495801]}"
3_000000000000000001b4_0,2018-02-05,0,0,0,0,0,,7,,"{""geodesic"":false,""type"":""Point"",""coordinates"":[102.96853604268024,11.745876581740598]}"
3_000000000000000001bb_0,2018-02-05,0,0,0,0,0,,6,,"{""geodesic"":false,""type"":""Point"",""coordinates"":[103.0035703387609,11.733659493876571]}"
3_000000000000000001f0_0,2018-02-05,0,0,0,0,0,,7,,"{""geodesic"":false,""type"":""Point"",""coordinates"":[103.05728959275125,11.737971407240346]}"
3_000000000000000001fa_0,2018-02-05,0,0,0,0,0,,6,,"{""geodesic"":false,""type"":""Point"",""coordinates"":[103.00563646391437,11.716681335006713]}"
3_00000000000000000211_0,2018-02-05,0,0,0,0,0,,6,,"{""geodesic"":false,""type"":""Point"",""coordinates"":[103.03941311859727,11.72207122671143]}"
3_0000000000000000021e_0,2018-02-05,0,0,0,0,0,,7,,"{""geodesic"":false,""type"":""Point"",""coordinates"":[103.04049109693821,11.724137351864904]}"
3_0000000000000000022c_0,2018-02-05,0,0,0,0,0,,7,,"{""geodesic"":false,""type"":""Point"",""coordinates"":[103.17577737872661,11.738869722524464]}"
3_00000000000000000284_0,2018-02-05,0,0,0,0,0,,5,,"{""geodesic"":false,""type"":""Point"",""coordinates"":[104.0295362247538,11.93838554712741]}"
3_00000000000000000286_0,2018-02-05,0,0,0,0,0,,6,,"{""geodesic"":false,""type"":""Point"",""coordinates"":[102.91661341925813,11.742642646717767]}"
3_0000000000000000028d_0,2018-02-05,0,0,0,0,0,,7,,"{""geodesic"":false,""type"":""Point"",""coordinates"":[103.05971504401836,11.724676341035376]}"
3_00000000000000000291_0,2018-02-05,0,0,0,0,0,,8,,"{""geodesic"":false,""type"":""Point"",""coordinates"":[102.96476311848693,11.748751190649779]}"
3_000000000000000002a3_0,2018-02-05,0,0,0,0,0,,4,,"{""geodesic"":false,""type"":""Point"",""coordinates"":[102.94320355166806,11.776059975287014]}"
3_000000000000000002a8_0,2018-02-05,0,0,0,0,0,,7,,"{""geodesic"":false,""type"":""Point"",""coordinates"":[103.11136817285524,11.743540962001886]}"
3_000000000000000002b9_0,2018-02-05,0,0,0,0,0,,5,,"{""geodesic"":false,""type"":""Point"",""coordinates"":[104.02145138719673,11.909639458035587]}"
3_000000000000000002c1_0,2018-02-05,0,0,0,0,0,,6,,"{""geodesic"":false,""type"":""Point"",""coordinates"":[104.03411763270282,11.912963224586829]}"
3_000000000000000002f1_0,2018-02-05,0,0,0,0,0,,6,,"{""geodesic"":false,""type"":""Point"",""coordinates"":[102.99180240853893,11.707967676750753]}"
3_000000000000000002f5_0,2018-02-05,0,0,0,0,0,,5,,"{""geodesic"":false,""type"":""Point"",""coordinates"":[104.02549380597526,11.911975077774297]}"
3_00000000000000000349_0,2018-02-05,0,0,0,0,0,,7,,"{""geodesic"":false,""type"":""Point"",""coordinates"":[102.97590222801001,11.750996978860078]}"
3_00000000000000000361_0,2018-02-05,0,0,0,0,0,,6,,"{""geodesic"":false,""type"":""Point"",""coordinates"":[102.90250986929745,11.760968278513806]}"
3_00000000000000000225_0,2018-02-05,1,1,1,1,0,,1,,"{""geodesic"":false,""type"":""Point"",""coordinates"":[102.95506131341844,11.741834162962059]}"
3_00000000000000000364_0,2018-02-05,1,1,0,0,0,,1,,"{""geodesic"":false,""type"":""Point"",""coordinates"":[102.9547019873048,11.705003236313159]}"
